locker_name,location,status
3a10,A동 301호 앞(과방),AVAILABLE
3a11,A동 301호 앞(과방),AVAILABLE
3a12,A동 301호 앞(과방),AVAILABLE
3a13,A동 301호 앞(과방),AVAILABLE
3a14,A동 301호 앞(과방),AVAILABLE
3a15,A동 301호 앞(과방),AVAILABLE
3a16,A동 301호 앞(과방),AVAILABLE
3a17,A동 301호 앞(과방),AVAILABLE
3a18,A동 301호 앞(과방),AVAILABLE
3a19,A동 301호 앞(과방),AVAILABLE
3a20,A동 301호 앞(과방),AVAILABLE
3a21,A동 301호 앞(과방),AVAILABLE
3a22,A동 301호 앞(과방),AVAILABLE
3a23,A동 301호 앞(과방),AVAILABLE
3a24,A동 301호 앞(과방),AVAILABLE
3a25,A동 301호 앞(과방),AVAILABLE
3a26,A동 301호 앞(과방),AVAILABLE
3a27,A동 301호 앞(과방),AVAILABLE
3a28,A동 301호 앞(과방),AVAILABLE
3a29,A동 301호 앞(과방),AVAILABLE
3a30,A동 301호 앞(과방),AVAILABLE
3a31,A동 301호 앞(과방),AVAILABLE
3a32,A동 301호 앞(과방),AVAILABLE
3a33,A동 301호 앞(과방),AVAILABLE
3a34,A동 301호 앞(과방),AVAILABLE
3a35,A동 301호 앞(과방),AVAILABLE
3a36,A동 301호 앞(과방),AVAILABLE
3a37,A동 301호 앞(과방),AVAILABLE
3a38,A동 301호 앞(과방),AVAILABLE
3a39,A동 301호 앞(과방),AVAILABLE
3a40,A동 301호 앞(과방),AVAILABLE
3a41,A동 301호 앞(과방),AVAILABLE
3a42,A동 301호 앞(과방),AVAILABLE
3a43,A동 301호 앞(과방),AVAILABLE
3a44,A동 301호 앞(과방),AVAILABLE
3a45,A동 301호 앞(과방),AVAILABLE
3a46,A동 301호 앞(과방),AVAILABLE
3a47,A동 301호 앞(과방),AVAILABLE
3a48,A동 301호 앞(과방),AVAILABLE
3a49,A동 301호 앞(과방),AVAILABLE
3a50,A동 301호 앞(과방),AVAILABLE
3a51,A동 301호 앞(과방),AVAILABLE
3a52,A동 301호 앞(과방),AVAILABLE
3a53,A동 301호 앞(과방),AVAILABLE
3a54,A동 301호 앞(과방),AVAILABLE
3a55,A동 3층 계단 앞,AVAILABLE
3a56,A동 3층 계단 앞,AVAILABLE
3a57,A동 3층 계단 앞,AVAILABLE
3a58,A동 3층 계단 앞,AVAILABLE
3a59,A동 3층 계단 앞,AVAILABLE
3a60,A동 3층 계단 앞,AVAILABLE
3a61,A동 3층 계단 앞,AVAILABLE
3a62,A동 3층 계단 앞,AVAILABLE
3a63,A동 3층 계단 앞,AVAILABLE
2c28,A동 2층 217호 앞(서점쪽 계단),AVAILABLE
2c29,A동 2층 217호 앞(서점쪽 계단),AVAILABLE
2c30,A동 2층 217호 앞(서점쪽 계단),AVAILABLE
2c31,A동 2층 217호 앞(서점쪽 계단),AVAILABLE
2c32,A동 2층 217호 앞(서점쪽 계단),AVAILABLE
2c33,A동 2층 217호 앞(서점쪽 계단),AVAILABLE
2c34,A동 2층 217호 앞(서점쪽 계단),AVAILABLE
2c35,A동 2층 217호 앞(서점쪽 계단),AVAILABLE
2c36,A동 2층 217호 앞(서점쪽 계단),AVAILABLE
3b01,B동 3층 중앙계단,AVAILABLE
3b02,B동 3층 중앙계단,AVAILABLE
3b03,B동 3층 중앙계단,AVAILABLE
3b04,B동 3층 중앙계단,AVAILABLE
3b05,B동 3층 중앙계단,AVAILABLE
3b06,B동 3층 중앙계단,AVAILABLE
3b07,B동 3층 중앙계단,AVAILABLE
3b08,B동 3층 중앙계단,AVAILABLE
3b09,B동 3층 중앙계단,AVAILABLE
3b10,B동 3층 중앙계단,AVAILABLE
3b11,B동 3층 중앙계단,AVAILABLE
3b12,B동 3층 중앙계단,AVAILABLE
3b13,B동 3층 중앙계단,AVAILABLE
3b14,B동 3층 중앙계단,AVAILABLE
3b15,B동 3층 중앙계단,AVAILABLE
3b16,B동 3층 중앙계단,AVAILABLE
3b17,B동 3층 중앙계단,AVAILABLE
3b18,B동 3층 중앙계단,AVAILABLE
1a01,B동 안뜰로 가는 통로,AVAILABLE
1a02,B동 안뜰로 가는 통로,AVAILABLE
1a03,B동 안뜰로 가는 통로,AVAILABLE
1a04,B동 안뜰로 가는 통로,AVAILABLE
1a05,B동 안뜰로 가는 통로,AVAILABLE
1a06,B동 안뜰로 가는 통로,AVAILABLE
1a07,B동 안뜰로 가는 통로,AVAILABLE
1a08,B동 안뜰로 가는 통로,AVAILABLE
1a09,B동 안뜰로 가는 통로,AVAILABLE
1a10,B동 안뜰로 가는 통로,AVAILABLE
1a11,B동 안뜰로 가는 통로,AVAILABLE
1a12,B동 안뜰로 가는 통로,AVAILABLE
1a13,B동 안뜰로 가는 통로,AVAILABLE
1a14,B동 안뜰로 가는 통로,AVAILABLE
1a15,B동 안뜰로 가는 통로,AVAILABLE
1a16,B동 안뜰로 가는 통로,AVAILABLE
1a17,B동 안뜰로 가는 통로,AVAILABLE
1a18,B동 안뜰로 가는 통로,AVAILABLE
1a19,B동 안뜰로 가는 통로,AVAILABLE
1a20,B동 안뜰로 가는 통로,AVAILABLE
1a21,B동 안뜰로 가는 통로,AVAILABLE
1a22,B동 안뜰로 가는 통로,AVAILABLE
1a23,B동 안뜰로 가는 통로,AVAILABLE
1a24,B동 안뜰로 가는 통로,AVAILABLE
1a25,B동 안뜰로 가는 통로,AVAILABLE
1a26,B동 안뜰로 가는 통로,AVAILABLE
1a27,B동 안뜰로 가는 통로,AVAILABLE
1a28,B동 안뜰로 가는 통로,AVAILABLE
1a29,B동 안뜰로 가는 통로,AVAILABLE
1a30,B동 안뜰로 가는 통로,AVAILABLE
1a31,B동 안뜰로 가는 통로,AVAILABLE
1a32,B동 안뜰로 가는 통로,AVAILABLE
1a33,B동 안뜰로 가는 통로,AVAILABLE
1a34,B동 안뜰로 가는 통로,AVAILABLE
1a35,B동 안뜰로 가는 통로,AVAILABLE
1a36,B동 안뜰로 가는 통로,AVAILABLE
1a37,B동 안뜰로 가는 통로,AVAILABLE
1a38,B동 안뜰로 가는 통로,AVAILABLE
1a39,B동 안뜰로 가는 통로,AVAILABLE
1a40,B동 안뜰로 가는 통로,AVAILABLE
1a41,B동 안뜰로 가는 통로,AVAILABLE
1a42,B동 안뜰로 가는 통로,AVAILABLE
1a43,B동 안뜰로 가는 통로,AVAILABLE
1a44,B동 안뜰로 가는 통로,AVAILABLE
1a45,B동 안뜰로 가는 통로,AVAILABLE
1a46,B동 안뜰로 가는 통로,AVAILABLE
1a47,B동 안뜰로 가는 통로,AVAILABLE
1a48,B동 안뜰로 가는 통로,AVAILABLE
1a49,B동 안뜰로 가는 통로,AVAILABLE
1a50,B동 안뜰로 가는 통로,AVAILABLE
1a51,B동 안뜰로 가는 통로,AVAILABLE
1a52,B동 안뜰로 가는 통로,AVAILABLE
1a53,B동 안뜰로 가는 통로,AVAILABLE
1a54,B동 안뜰로 가는 통로,AVAILABLE
1a55,B동 안뜰로 가는 통로,AVAILABLE
1a56,B동 안뜰로 가는 통로,AVAILABLE
1a57,B동 안뜰로 가는 통로,AVAILABLE
3c01,C동 3층 경사로(352-2호 앞),AVAILABLE
3c02,C동 3층 경사로(352-2호 앞),AVAILABLE
3c03,C동 3층 경사로(352-2호 앞),AVAILABLE
3c04,C동 3층 경사로(352-2호 앞),AVAILABLE
3c05,C동 3층 경사로(352-2호 앞),AVAILABLE
3c06,C동 3층 경사로(352-2호 앞),AVAILABLE
3c07,C동 3층 경사로(352-2호 앞),AVAILABLE
3c08,C동 3층 경사로(352-2호 앞),AVAILABLE
3c09,C동 3층 경사로(352-2호 앞),AVAILABLE
3c10,C동 3층 경사로(352-2호 앞),AVAILABLE
3c11,C동 3층 경사로(352-2호 앞),AVAILABLE
3c12,C동 3층 경사로(352-2호 앞),AVAILABLE
3c13,C동 3층 경사로(352-2호 앞),AVAILABLE
3c14,C동 3층 경사로(352-2호 앞),AVAILABLE
3c15,C동 3층 경사로(352-2호 앞),AVAILABLE
3c16,C동 3층 경사로(352-2호 앞),AVAILABLE
3c17,C동 3층 경사로(352-2호 앞),AVAILABLE
3c18,C동 3층 경사로(352-2호 앞),AVAILABLE
3c19,C동 3층 경사로(352-2호 앞),AVAILABLE
3c20,C동 3층 경사로(352-2호 앞),AVAILABLE
3c21,C동 3층 경사로(352-2호 앞),AVAILABLE
3c22,C동 3층 경사로(352-2호 앞),AVAILABLE
3c23,C동 3층 경사로(352-2호 앞),AVAILABLE
3c24,C동 3층 경사로(352-2호 앞),AVAILABLE
3c25,C동 3층 경사로(352-2호 앞),AVAILABLE
3c26,C동 3층 경사로(352-2호 앞),AVAILABLE
3c27,C동 3층 경사로(352-2호 앞),AVAILABLE
3c28,C동 3층 경사로(352-2호 앞),AVAILABLE
3c29,C동 3층 경사로(352-2호 앞),AVAILABLE
3c30,C동 3층 경사로(352-2호 앞),AVAILABLE
3c31,C동 3층 경사로(352-2호 앞),AVAILABLE
3c32,C동 3층 경사로(352-2호 앞),AVAILABLE
3c33,C동 3층 경사로(352-2호 앞),AVAILABLE
3c34,C동 3층 경사로(352-2호 앞),AVAILABLE
3c35,C동 3층 경사로(352-2호 앞),AVAILABLE
3c36,C동 3층 경사로(352-2호 앞),AVAILABLE
3c37,C동 3층 중앙 계단,AVAILABLE
3c38,C동 3층 중앙 계단,AVAILABLE
3c39,C동 3층 중앙 계단,AVAILABLE
3c40,C동 3층 중앙 계단,AVAILABLE
3c41,C동 3층 중앙 계단,AVAILABLE
3c42,C동 3층 중앙 계단,AVAILABLE
3c43,C동 3층 중앙 계단,AVAILABLE
3c44,C동 3층 중앙 계단,AVAILABLE
3c45,C동 3층 중앙 계단,AVAILABLE
3c46,C동 3층 중앙 계단,AVAILABLE
3c47,C동 3층 중앙 계단,AVAILABLE
3c48,C동 3층 중앙 계단,AVAILABLE
3c49,C동 3층 중앙 계단,AVAILABLE
3c50,C동 3층 중앙 계단,AVAILABLE
3c51,C동 3층 중앙 계단,AVAILABLE
3c52,C동 3층 중앙 계단,AVAILABLE
3c53,C동 3층 중앙 계단,AVAILABLE
3c54,C동 3층 중앙 계단,AVAILABLE
3c55,C동 끝 3~4층 계단,AVAILABLE
3c56,C동 끝 3~4층 계단,AVAILABLE
3c57,C동 끝 3~4층 계단,AVAILABLE
3c58,C동 끝 3~4층 계단,AVAILABLE
3c59,C동 끝 3~4층 계단,AVAILABLE
3c60,C동 끝 3~4층 계단,AVAILABLE
3c61,C동 끝 3~4층 계단,AVAILABLE
3c62,C동 끝 3~4층 계단,AVAILABLE
3c63,C동 끝 3~4층 계단,AVAILABLE
3c64,C동 끝 3~4층 계단,AVAILABLE
3c65,C동 끝 3~4층 계단,AVAILABLE
3c66,C동 끝 3~4층 계단,AVAILABLE
3c67,C동 끝 3~4층 계단,AVAILABLE
3c68,C동 끝 3~4층 계단,AVAILABLE
3c69,C동 끝 3~4층 계단,AVAILABLE
3c70,C동 끝 3~4층 계단,AVAILABLE
3c71,C동 끝 3~4층 계단,AVAILABLE
3c72,C동 끝 3~4층 계단,AVAILABLE
3c73,C동 끝 3~4층 계단,AVAILABLE
3c74,C동 끝 3~4층 계단,AVAILABLE
3c75,C동 끝 3~4층 계단,AVAILABLE
3c76,C동 끝 3~4층 계단,AVAILABLE
3c77,C동 끝 3~4층 계단,AVAILABLE
3c78,C동 끝 3~4층 계단,AVAILABLE
3c79,C동 끝 3~4층 계단,AVAILABLE
3c80,C동 끝 3~4층 계단,AVAILABLE
3c81,C동 끝 3~4층 계단,AVAILABLE
3c82,C동 끝 3~4층 계단,AVAILABLE
3c83,C동 끝 3~4층 계단,AVAILABLE
3c84,C동 끝 3~4층 계단,AVAILABLE
3c85,C동 끝 3~4층 계단,AVAILABLE
3c86,C동 끝 3~4층 계단,AVAILABLE
3c87,C동 끝 3~4층 계단,AVAILABLE
3c88,C동 끝 3~4층 계단,AVAILABLE
3c89,C동 끝 3~4층 계단,AVAILABLE
3c90,C동 끝 3~4층 계단,AVAILABLE
3c91,C동 끝 3~4층 계단,AVAILABLE
3c92,C동 끝 3~4층 계단,AVAILABLE
3c93,C동 끝 3~4층 계단,AVAILABLE
3c94,C동 끝 3~4층 계단,AVAILABLE
3c95,C동 끝 3~4층 계단,AVAILABLE
3c96,C동 끝 3~4층 계단,AVAILABLE
3c97,C동 끝 3~4층 계단,AVAILABLE
3c98,C동 끝 3~4층 계단,AVAILABLE
3c99,C동 끝 3~4층 계단,AVAILABLE
3c100,C동 끝 3~4층 계단,AVAILABLE
3c101,C동 끝 3~4층 계단,AVAILABLE
3c102,C동 끝 3~4층 계단,AVAILABLE
3c103,C동 끝 3~4층 계단,AVAILABLE
3c104,C동 끝 3~4층 계단,AVAILABLE
3c105,C동 끝 3~4층 계단,AVAILABLE
3c106,C동 끝 3~4층 계단,AVAILABLE
3c107,C동 끝 3~4층 계단,AVAILABLE
3c108,C동 끝 3~4층 계단,AVAILABLE
3c109,C동 끝 3~4층 계단,AVAILABLE
3c110,C동 끝 3~4층 계단,AVAILABLE
3c111,C동 끝 3~4층 계단,AVAILABLE
3c112,C동 끝 3~4층 계단,AVAILABLE
3c113,C동 끝 3~4층 계단,AVAILABLE
3c114,C동 끝 3~4층 계단,AVAILABLE
3c115,C동 끝 3~4층 계단,AVAILABLE
3c116,C동 끝 3~4층 계단,AVAILABLE
3c117,C동 끝 3~4층 계단,AVAILABLE
2c01,"A,C동 넘어가는 계단 앞",AVAILABLE
2c02,"A,C동 넘어가는 계단 앞",AVAILABLE
2c03,"A,C동 넘어가는 계단 앞",AVAILABLE
2c04,"A,C동 넘어가는 계단 앞",AVAILABLE
2c05,"A,C동 넘어가는 계단 앞",AVAILABLE
2c06,"A,C동 넘어가는 계단 앞",AVAILABLE
2c07,"A,C동 넘어가는 계단 앞",AVAILABLE
2c08,"A,C동 넘어가는 계단 앞",AVAILABLE
2c09,"A,C동 넘어가는 계단 앞",AVAILABLE
2c10,"A,C동 넘어가는 계단 앞",AVAILABLE
2c11,"A,C동 넘어가는 계단 앞",AVAILABLE
2c12,"A,C동 넘어가는 계단 앞",AVAILABLE
2c13,"A,C동 넘어가는 계단 앞",AVAILABLE
2c14,"A,C동 넘어가는 계단 앞",AVAILABLE
2c15,"A,C동 넘어가는 계단 앞",AVAILABLE
2c16,"A,C동 넘어가는 계단 앞",AVAILABLE
2c17,"A,C동 넘어가는 계단 앞",AVAILABLE
2c18,"A,C동 넘어가는 계단 앞",AVAILABLE
2c19,"A,C동 넘어가는 계단 앞",AVAILABLE
2c20,"A,C동 넘어가는 계단 앞",AVAILABLE
2c21,"A,C동 넘어가는 계단 앞",AVAILABLE
2c22,"A,C동 넘어가는 계단 앞",AVAILABLE
2c23,"A,C동 넘어가는 계단 앞",AVAILABLE
2c24,"A,C동 넘어가는 계단 앞",AVAILABLE
2c25,"A,C동 넘어가는 계단 앞",AVAILABLE
2c26,"A,C동 넘어가는 계단 앞",AVAILABLE
2c27,"A,C동 넘어가는 계단 앞",AVAILABLE
3a01,새천년관 3층,AVAILABLE
3a02,새천년관 3층,AVAILABLE
3a03,새천년관 3층,AVAILABLE
3a04,새천년관 3층,AVAILABLE
3a05,새천년관 3층,AVAILABLE
3a06,새천년관 3층,AVAILABLE
3a07,새천년관 3층,AVAILABLE
3a08,새천년관 3층,AVAILABLE
3a09,새천년관 3층,AVAILABLE
3a10,새천년관 3층,AVAILABLE
3a11,새천년관 3층,AVAILABLE
3a12,새천년관 3층,AVAILABLE
3a13,새천년관 3층,AVAILABLE
3a14,새천년관 3층,AVAILABLE
3a15,새천년관 3층,AVAILABLE
3a16,새천년관 3층,AVAILABLE
3a17,새천년관 3층,AVAILABLE
3a18,새천년관 3층,AVAILABLE
3a19,새천년관 3층,AVAILABLE
3a20,새천년관 3층,AVAILABLE
3a21,새천년관 3층,AVAILABLE
3a22,새천년관 3층,AVAILABLE
3a23,새천년관 3층,AVAILABLE
3a24,새천년관 3층,AVAILABLE
3a25,새천년관 3층,AVAILABLE
3a26,새천년관 3층,AVAILABLE
3a27,새천년관 3층,AVAILABLE
3a28,새천년관 3층,AVAILABLE
3a29,새천년관 3층,AVAILABLE
3a30,새천년관 3층,AVAILABLE
3a31,새천년관 3층,AVAILABLE
3a32,새천년관 3층,AVAILABLE
3a33,새천년관 3층,AVAILABLE
3a34,새천년관 3층,AVAILABLE
3a35,새천년관 3층,AVAILABLE
3a36,새천년관 3층,AVAILABLE
4a01,새천년관 4층,AVAILABLE
4a02,새천년관 4층,AVAILABLE
4a03,새천년관 4층,AVAILABLE
4a04,새천년관 4층,AVAILABLE
4a05,새천년관 4층,AVAILABLE
4a06,새천년관 4층,AVAILABLE
4a07,새천년관 4층,AVAILABLE
4a08,새천년관 4층,AVAILABLE
4a09,새천년관 4층,AVAILABLE
4b01,새천년관 4층,AVAILABLE
4b02,새천년관 4층,AVAILABLE
4b03,새천년관 4층,AVAILABLE
4b04,새천년관 4층,AVAILABLE
4b05,새천년관 4층,AVAILABLE
4b06,새천년관 4층,AVAILABLE
4b07,새천년관 4층,AVAILABLE
4b08,새천년관 4층,AVAILABLE
4b09,새천년관 4층,AVAILABLE
4b10,새천년관 4층,AVAILABLE
4b11,새천년관 4층,AVAILABLE
4b12,새천년관 4층,AVAILABLE
4b13,새천년관 4층,AVAILABLE
4b14,새천년관 4층,AVAILABLE
4b15,새천년관 4층,AVAILABLE
4b16,새천년관 4층,AVAILABLE
4b17,새천년관 4층,AVAILABLE
4b18,새천년관 4층,AVAILABLE
4b19,새천년관 4층,AVAILABLE
4b20,새천년관 4층,AVAILABLE
4b21,새천년관 4층,AVAILABLE
4b22,새천년관 4층,AVAILABLE
4b23,새천년관 4층,AVAILABLE
4b24,새천년관 4층,AVAILABLE
4b25,새천년관 4층,AVAILABLE
4b26,새천년관 4층,AVAILABLE
4b27,새천년관 4층,AVAILABLE
4b28,새천년관 4층,AVAILABLE
4b29,새천년관 4층,AVAILABLE
4b30,새천년관 4층,AVAILABLE
4b31,새천년관 4층,AVAILABLE
4b32,새천년관 4층,AVAILABLE
4b33,새천년관 4층,AVAILABLE
4b34,새천년관 4층,AVAILABLE
4b35,새천년관 4층,AVAILABLE
4b36,새천년관 4층,AVAILABLE
4c01,새천년관 4층,AVAILABLE
4c02,새천년관 4층,AVAILABLE
4c03,새천년관 4층,AVAILABLE
4c04,새천년관 4층,AVAILABLE
4c05,새천년관 4층,AVAILABLE
4c06,새천년관 4층,AVAILABLE
4c07,새천년관 4층,AVAILABLE
4c08,새천년관 4층,AVAILABLE
4c09,새천년관 4층,AVAILABLE
4c10,새천년관 4층,AVAILABLE
4c11,새천년관 4층,AVAILABLE
4c12,새천년관 4층,AVAILABLE
4c13,새천년관 4층,AVAILABLE
4c14,새천년관 4층,AVAILABLE
4c15,새천년관 4층,AVAILABLE
4c16,새천년관 4층,AVAILABLE
4c17,새천년관 4층,AVAILABLE
4c18,새천년관 4층,AVAILABLE
4d01,새천년관 4층,AVAILABLE
4d02,새천년관 4층,AVAILABLE
4d03,새천년관 4층,AVAILABLE
4d04,새천년관 4층,AVAILABLE
4d05,새천년관 4층,AVAILABLE
4d06,새천년관 4층,AVAILABLE
4d07,새천년관 4층,AVAILABLE
4d08,새천년관 4층,AVAILABLE
4d09,새천년관 4층,AVAILABLE
4d10,새천년관 4층,AVAILABLE
4d11,새천년관 4층,AVAILABLE
4d12,새천년관 4층,AVAILABLE
4d13,새천년관 4층,AVAILABLE
4d14,새천년관 4층,AVAILABLE
4d15,새천년관 4층,AVAILABLE
4d16,새천년관 4층,AVAILABLE
4d17,새천년관 4층,AVAILABLE
4d18,새천년관 4층,AVAILABLE
4e01,새천년관 4층,AVAILABLE
4e02,새천년관 4층,AVAILABLE
4e03,새천년관 4층,AVAILABLE
4e04,새천년관 4층,AVAILABLE
4e05,새천년관 4층,AVAILABLE
4e06,새천년관 4층,AVAILABLE
4e07,새천년관 4층,AVAILABLE
4e08,새천년관 4층,AVAILABLE
4e09,새천년관 4층,AVAILABLE
4f01,새천년관 4층,AVAILABLE
4f02,새천년관 4층,AVAILABLE
4f03,새천년관 4층,AVAILABLE
4f04,새천년관 4층,AVAILABLE
4f05,새천년관 4층,AVAILABLE
4f06,새천년관 4층,AVAILABLE
4f07,새천년관 4층,AVAILABLE
4f08,새천년관 4층,AVAILABLE
4f09,새천년관 4층,AVAILABLE
5a01,새천년관 5층,AVAILABLE
5a02,새천년관 5층,AVAILABLE
5a03,새천년관 5층,AVAILABLE
5a04,새천년관 5층,AVAILABLE
5a05,새천년관 5층,AVAILABLE
5a06,새천년관 5층,AVAILABLE
5a07,새천년관 5층,AVAILABLE
5a08,새천년관 5층,AVAILABLE
5a09,새천년관 5층,AVAILABLE
5b01,새천년관 5층,AVAILABLE
5b02,새천년관 5층,AVAILABLE
5b03,새천년관 5층,AVAILABLE
5b04,새천년관 5층,AVAILABLE
5b05,새천년관 5층,AVAILABLE
5b06,새천년관 5층,AVAILABLE
5b07,새천년관 5층,AVAILABLE
5b08,새천년관 5층,AVAILABLE
5b09,새천년관 5층,AVAILABLE
5b10,새천년관 5층,AVAILABLE
5b11,새천년관 5층,AVAILABLE
5b12,새천년관 5층,AVAILABLE
5b13,새천년관 5층,AVAILABLE
5b14,새천년관 5층,AVAILABLE
5b15,새천년관 5층,AVAILABLE
5b16,새천년관 5층,AVAILABLE
5b17,새천년관 5층,AVAILABLE
5b18,새천년관 5층,AVAILABLE
5b19,새천년관 5층,AVAILABLE
5b20,새천년관 5층,AVAILABLE
5b21,새천년관 5층,AVAILABLE
5b22,새천년관 5층,AVAILABLE
5b23,새천년관 5층,AVAILABLE
5b24,새천년관 5층,AVAILABLE
5b25,새천년관 5층,AVAILABLE
5b26,새천년관 5층,AVAILABLE
5b27,새천년관 5층,AVAILABLE
5b28,새천년관 5층,AVAILABLE
5b29,새천년관 5층,AVAILABLE
5b30,새천년관 5층,AVAILABLE
5b31,새천년관 5층,AVAILABLE
5b32,새천년관 5층,AVAILABLE
5b33,새천년관 5층,AVAILABLE
5b34,새천년관 5층,AVAILABLE
5b35,새천년관 5층,AVAILABLE
5b36,새천년관 5층,AVAILABLE
5c01,새천년관 5층,AVAILABLE
5c02,새천년관 5층,AVAILABLE
5c03,새천년관 5층,AVAILABLE
5c04,새천년관 5층,AVAILABLE
5c05,새천년관 5층,AVAILABLE
5c06,새천년관 5층,AVAILABLE
5c07,새천년관 5층,AVAILABLE
5c08,새천년관 5층,AVAILABLE
5c09,새천년관 5층,AVAILABLE
5c10,새천년관 5층,AVAILABLE
5c11,새천년관 5층,AVAILABLE
5c12,새천년관 5층,AVAILABLE
5c13,새천년관 5층,AVAILABLE
5c14,새천년관 5층,AVAILABLE
5c15,새천년관 5층,AVAILABLE
5c16,새천년관 5층,AVAILABLE
5c17,새천년관 5층,AVAILABLE
5c18,새천년관 5층,AVAILABLE
5d01,새천년관 5층,AVAILABLE
5d02,새천년관 5층,AVAILABLE
5d03,새천년관 5층,AVAILABLE
5d04,새천년관 5층,AVAILABLE
5d05,새천년관 5층,AVAILABLE
5d06,새천년관 5층,AVAILABLE
5d07,새천년관 5층,AVAILABLE
5d08,새천년관 5층,AVAILABLE
5d09,새천년관 5층,AVAILABLE
5d10,새천년관 5층,AVAILABLE
5d11,새천년관 5층,AVAILABLE
5d12,새천년관 5층,AVAILABLE
5d13,새천년관 5층,AVAILABLE
5d14,새천년관 5층,AVAILABLE
5d15,새천년관 5층,AVAILABLE
5d16,새천년관 5층,AVAILABLE
5d17,새천년관 5층,AVAILABLE
5d18,새천년관 5층,AVAILABLE
5d19,새천년관 5층,AVAILABLE
5d20,새천년관 5층,AVAILABLE
5d21,새천년관 5층,AVAILABLE
5d22,새천년관 5층,AVAILABLE
5d23,새천년관 5층,AVAILABLE
5d24,새천년관 5층,AVAILABLE
5d25,새천년관 5층,AVAILABLE
5d26,새천년관 5층,AVAILABLE
5d27,새천년관 5층,AVAILABLE
5d28,새천년관 5층,AVAILABLE
5d29,새천년관 5층,AVAILABLE
5d30,새천년관 5층,AVAILABLE
5d31,새천년관 5층,AVAILABLE
5d32,새천년관 5층,AVAILABLE
5d33,새천년관 5층,AVAILABLE
5d34,새천년관 5층,AVAILABLE
5d35,새천년관 5층,AVAILABLE
5d36,새천년관 5층,AVAILABLE
5d37,새천년관 5층,AVAILABLE
5d38,새천년관 5층,AVAILABLE
5d39,새천년관 5층,AVAILABLE
5d40,새천년관 5층,AVAILABLE
5d41,새천년관 5층,AVAILABLE
5d42,새천년관 5층,AVAILABLE
5d43,새천년관 5층,AVAILABLE
5d44,새천년관 5층,AVAILABLE
5d45,새천년관 5층,AVAILABLE
5e01,새천년관 5층,AVAILABLE
5e02,새천년관 5층,AVAILABLE
5e03,새천년관 5층,AVAILABLE
5e04,새천년관 5층,AVAILABLE
5e05,새천년관 5층,AVAILABLE
5e06,새천년관 5층,AVAILABLE
5e07,새천년관 5층,AVAILABLE
5e08,새천년관 5층,AVAILABLE
5e09,새천년관 5층,AVAILABLE
5e10,새천년관 5층,AVAILABLE
5e11,새천년관 5층,AVAILABLE
5e12,새천년관 5층,AVAILABLE
5e13,새천년관 5층,AVAILABLE
5e14,새천년관 5층,AVAILABLE
5e15,새천년관 5층,AVAILABLE
5e16,새천년관 5층,AVAILABLE
5e17,새천년관 5층,AVAILABLE
5e18,새천년관 5층,AVAILABLE
5e19,새천년관 5층,AVAILABLE
5e20,새천년관 5층,AVAILABLE
5e21,새천년관 5층,AVAILABLE
5e22,새천년관 5층,AVAILABLE
5e23,새천년관 5층,AVAILABLE
5e24,새천년관 5층,AVAILABLE
5e25,새천년관 5층,AVAILABLE
5e26,새천년관 5층,AVAILABLE
5e27,새천년관 5층,AVAILABLE
5e28,새천년관 5층,AVAILABLE
5e29,새천년관 5층,AVAILABLE
5e30,새천년관 5층,AVAILABLE
5e31,새천년관 5층,AVAILABLE
5e32,새천년관 5층,AVAILABLE
5e33,새천년관 5층,AVAILABLE
5e34,새천년관 5층,AVAILABLE
5e35,새천년관 5층,AVAILABLE
5e36,새천년관 5층,AVAILABLE
5e37,새천년관 5층,AVAILABLE
5e38,새천년관 5층,AVAILABLE
5e39,새천년관 5층,AVAILABLE
5e40,새천년관 5층,AVAILABLE
5e41,새천년관 5층,AVAILABLE
5e42,새천년관 5층,AVAILABLE
5e43,새천년관 5층,AVAILABLE
5e44,새천년관 5층,AVAILABLE
5e45,새천년관 5층,AVAILABLE